<?xml version="1.0" encoding="UTF-8"?>
<project-private xmlns="http://www.netbeans.org/ns/project-private/1">
    <editor-bookmarks xmlns="http://www.netbeans.org/ns/editor-bookmarks/2" lastBookmarkId="0"/>
    <open-files xmlns="http://www.netbeans.org/ns/projectui-open-files/2">
        <group>
            <file>file:/G:/Year2/Term%202/Java%20Web%20Tech/A1/TDRBClub/web/TDRBIndex.jsp</file>
            <file>file:/G:/Year2/Term%202/Java%20Web%20Tech/A1/TDRBClub/web/TDRBDisplayMember.jsp</file>
            <file>file:/G:/Year2/Term%202/Java%20Web%20Tech/A1/TDRBClub/web/TDRBRegister.jsp</file>
            <file>file:/G:/Year2/Term%202/Java%20Web%20Tech/A1/TDRBClub/web/Parts/TDRBFooter.jsp</file>
            <file>file:/G:/Year2/Term%202/Java%20Web%20Tech/A1/TDRBClub/web/WEB-INF/web.xml</file>
            <file>file:/G:/Year2/Term%202/Java%20Web%20Tech/A1/TDRBClub/web/Parts/TDRBBanner.jsp</file>
        </group>
    </open-files>
</project-private>
